{
  "10": [
    11.258791503822595,
    10.667116953161225,
    10.382263941005771,
    10.429403018397814,
    10.805145195700339,
    11.474563194110239
  ],
  "12": [
    8.915638350772653,
    8.126895053980503,
    7.720120416356027,
    7.7556505414425,
    8.226885613702109,
    9.068510775375028
  ],
  "15": [
    7.915205920827249,
    7.035991098136588,
    6.581453231325393,
    6.639393995609331,
    7.196786135855482,
    8.153564534490018
  ],
  "17": [
    10.548808390567357,
    9.895793656593211,
    9.5683243002881,
    9.599773530712387,
    9.987077445766891,
    10.690718789382458
  ],
  "19": [
    368.2326578465224,
    368.20654729076875,
    368.1898184042154,
    368.1824724654102,
    368.1082411433609,
    368.195930962156
  ],
  "22": [
    12.315385859668496,
    11.74780647153145,
    11.459389436063569,
    11.471210784626573,
    11.782109151367829,
    12.370290291876174
  ],
  "23": [
    10.208009853558144,
    9.537938891612754,
    9.201413275433413,
    9.2349688172431,
    9.636805084435554,
    10.35841103751325
  ],
  "24": [
    7.647265845159383,
    6.743364171832226,
    6.279736594237646,
    6.35350840214491,
    6.947152149463798,
    7.94610353479504
  ],
  "25": [
    12.351160459386053,
    11.801738305733986,
    11.531467454198378,
    11.559944141604674,
    11.885244291430324,
    12.483549149417088
  ],
  "13": [
    8.725093450046268,
    7.938110172743388,
    7.541167399018708,
    7.595662805476419,
    8.092481469017162,
    8.95833100234271
  ]
}